BNpcBaseId,BNpcNameId,TerritoryTypeId,Position,Subtype
3758096384,5647,151,11.2;-7.3786975E+17;-3.689349E+19,0
3758096384,5647,151,11.2;-7.3786975E+17;-3.689349E+19,0
3758096384,5961,151,11.2;11.2;2.000103,0
3758096384,5905,151,11.2;-7.3786975E+17;-3.689349E+19,0
3758096384,5905,151,11.2;-7.3786975E+17;-3.689349E+19,0
3758096384,5838,151,11.2;-7.3786975E+17;-3.689349E+19,0
3758096384,5838,151,11.2;-7.3786975E+17;-3.689349E+19,0
